fips,state,county,City/Town,rucc,website,website additonal,Election Results,Early Voting,Absentee Voting,Overseas Voting,Military Voting,Address Change,Poll Worker Application,Candidate Information,Election Schedule,Felon-restoration of voting rights,Sample Ballot,Track Vote By Mail,Polling Place Locations/Find your precinct,Voter ID/requirements,Voter Registration,Voter Registration Cancellation,Check Voter Registration Status,Signature Cure Form
50001,VT,Addison County,Addison city,6,https://www.addisonvt.net,,0,0,0,0,0,0,0,0,0,0,0,0,0,0,0,0,0,0
50001,VT,Addison County,Bridport,6,https://bridportvt.org,,1,0,0,0,0,0,0,0,0,0,0,0,0,0,0,0,0,0
50001,VT,Addison County,Bristol,6,http://bristolvt.org,,0,1,1,0,0,0,0,0,1,0,1,1,0,1,1,0,0,0
50001,VT,Addison County,Cornwall,6,https://cornwallvt.com,,0,0,0,0,0,0,0,0,0,0,0,0,0,0,0,0,0,0
50001,VT,Addison County,Ferrisburgh,6,https://www.ferrisburghvt.org,,0,0,0,0,0,0,0,0,0,0,0,0,0,0,0,0,0,0
50001,VT,Addison County,Goshen,6,https://goshenvt.org,,0,1,1,0,0,0,0,1,0,0,0,0,0,0,1,0,0,0
50001,VT,Addison County,Granville,6,https://granvillevermont.org,,0,0,0,0,0,0,0,0,0,0,0,0,0,0,0,0,0,0
50001,VT,Addison County,Hancock,6,https://www.hancockvt.org,,0,0,0,0,0,0,0,0,0,0,0,0,0,0,0,0,0,0
50001,VT,Addison County,Leicester,6,https://www.leicestervt.org,,0,0,0,0,0,0,0,0,0,0,0,0,0,0,0,0,0,0
50001,VT,Addison County,Lincoln,6,https://lincolnvermont.org,,1,1,1,1,1,0,0,1,0,0,1,0,0,1,0,0,0,0
50001,VT,Addison County,Middlebury,6,https://www.townofmiddlebury.org,,0,0,0,0,0,0,0,0,0,0,0,0,0,0,0,0,0,0
50001,VT,Addison County,Monkton,6,http://monktonvt.com,,1,0,0,0,0,0,0,0,0,0,0,0,0,0,0,0,0,0
50001,VT,Addison County,New Haven,6,https://www.newhavenvt.com,,1,0,0,0,0,0,0,0,0,0,1,0,1,0,0,0,0,0
50001,VT,Addison County,Orwell,6,https://townoforwellvt.org,,1,0,0,0,0,0,0,0,0,0,0,0,1,0,0,0,0,0
50001,VT,Addison County,Panton,6,https://www.pantonvt.us,,0,0,0,0,0,0,0,0,0,0,1,0,0,0,0,0,0,0
50001,VT,Addison County,Ripton,6,https://www.riptonvermont.org,,0,0,0,0,0,0,0,0,0,0,0,0,0,0,0,0,0,0
50001,VT,Addison County,Salisbury,6,https://www.townofsalisbury.org,,1,0,0,0,0,0,0,0,0,0,0,0,0,0,0,0,0,0
50001,VT,Addison County,Shoreham,6,https://shorehamvt.org,,0,0,1,0,0,0,0,0,0,0,0,0,1,0,0,0,0,0
50001,VT,Addison County,Starksboro,6,https://www.starksborovt.org,,0,0,0,0,0,0,0,0,0,0,0,0,0,0,0,0,0,0
50001,VT,Addison County,Vergennes,6,https://www.vergennes.org,,0,0,0,0,0,0,0,0,0,0,0,0,0,0,0,0,0,0
50001,VT,Addison County,Waltham,6,https://www.walthamvt.org,,0,0,0,0,0,0,0,0,0,0,0,0,1,0,0,0,0,0
50001,VT,Addison County,Weybridge,6,http://www.townofweybridge.org,,0,0,0,0,0,0,0,0,0,0,0,0,0,0,0,0,0,0
50001,VT,Addison County,Whiting,6,https://whitingvt.com,,1,0,0,0,0,0,0,0,0,0,1,0,1,0,0,0,0,0
50003,VT,Bennington County,Arlington,6,https://arlingtonvermont.org,,1,0,0,0,0,0,0,0,0,0,0,0,0,0,0,0,0,0
50003,VT,Bennington County,Bennington,6,https://benningtonvt.org,,1,1,1,0,0,0,0,0,0,0,1,0,1,0,1,0,0,0
50003,VT,Bennington County,Dorset,6,https://www.dorsetvt.com,,0,0,1,0,0,0,0,0,0,0,0,0,0,0,1,0,0,0
50003,VT,Bennington County,Landgrove,6,http://landgrove.vermont.gov,,0,0,0,0,0,0,0,0,0,0,0,0,0,0,0,0,0,0
50003,VT,Bennington County,Manchester,6,https://www.manchestervermont.com,,0,0,1,0,0,0,0,1,0,0,0,0,1,0,0,0,0,0
50003,VT,Bennington County,Peru,6,http://www.peruvt.org,,0,0,0,0,0,0,0,0,0,0,0,0,0,0,0,0,0,0
50003,VT,Bennington County,Pownal,6,https://www.townofpownal.org,,0,0,0,0,0,0,0,0,0,0,0,0,0,0,0,0,0,0
50003,VT,Bennington County,Readsboro,6,https://readsborovt.org,,0,0,0,0,0,0,0,0,0,0,0,0,0,0,0,0,0,0
50003,VT,Bennington County,Rupert,6,https://rupert.vt.gov,,0,0,0,0,0,0,0,0,0,0,0,0,0,0,0,0,0,0
50003,VT,Bennington County,Sandgate,6,https://sandgatevermont.org,,1,0,0,0,0,0,0,0,0,0,0,0,0,0,0,0,0,0
50003,VT,Bennington County,Searsburg,6,,,0,0,0,0,0,0,0,0,0,0,0,0,0,0,0,0,0,0
50003,VT,Bennington County,Shaftsbury,6,https://shaftsburyvt.gov,,0,0,0,0,0,0,0,0,0,0,0,0,0,0,0,0,0,0
50003,VT,Bennington County,Stamford,6,https://townofstamfordvermont.org,,1,0,0,0,0,0,0,0,0,0,1,0,0,0,0,0,0,0
50003,VT,Bennington County,Sunderland,6,https://sunderlandvt.org,,0,0,0,0,0,0,0,0,0,0,0,0,0,0,0,0,0,0
50003,VT,Bennington County,Winhall,6,https://www.winhall.org,,0,0,0,0,0,0,0,0,0,0,0,0,0,0,0,0,0,0
50003,VT,Bennington County,Woodford,6,https://woodfordvt.org,,1,0,1,0,0,0,0,0,0,0,0,0,0,0,0,0,0,0
50005,VT,Caledonia County,Barnet,7,https://barnetvt.org,,0,0,0,0,0,0,0,0,0,0,0,0,0,0,0,0,0,0
50005,VT,Caledonia County,Burke,7,http://burkevermont.org,,1,0,0,0,0,0,0,0,0,0,1,0,0,0,0,0,0,0
50005,VT,Caledonia County,Danville,7,https://danvillevt.gov,,0,0,0,1,1,0,0,0,0,0,0,0,0,0,0,0,0,0
50005,VT,Caledonia County,Groton,7,https://grotonvt.com,,0,0,1,0,0,0,0,0,0,0,0,0,0,0,0,0,0,0
50005,VT,Caledonia County,Hardwick,7,https://hardwickvt.gov,,0,0,0,0,0,0,0,0,0,0,1,0,0,0,0,0,0,0
50005,VT,Caledonia County,Kirby,7,https://www.kirbyvt.gov,,0,0,0,0,0,0,0,0,0,0,0,0,0,0,0,0,0,0
50005,VT,Caledonia County,Lyndon,7,https://www.lyndonvt.org,,1,0,0,0,0,0,0,0,0,0,0,0,0,0,0,0,0,0
50005,VT,Caledonia County,Newark,7,,,0,0,0,0,0,0,0,0,0,0,0,0,0,0,0,0,0,0
50005,VT,Caledonia County,Peacham,7,https://peacham.org,,0,0,0,0,0,0,0,0,0,0,0,0,0,0,0,0,0,0
50005,VT,Caledonia County,Ryegate,7,https://www.ryegatevt.org/index.html,,0,0,0,0,0,0,0,0,0,0,0,0,0,0,0,0,0,0
50005,VT,Caledonia County,Saint Johnsbury,7,https://www.stjvt.com,,1,0,0,0,0,0,0,0,0,0,0,0,0,0,0,0,0,0
50005,VT,Caledonia County,Sheffield,7,,,0,0,0,0,0,0,0,0,0,0,0,0,0,0,0,0,0,0
50005,VT,Caledonia County,Stannard,7,,,0,0,0,0,0,0,0,0,0,0,0,0,0,0,0,0,0,0
50005,VT,Caledonia County,Sutton,7,https://www.suttonvt.org,,0,0,0,0,0,0,0,0,0,0,0,0,0,0,0,0,0,0
50005,VT,Caledonia County,Walden,7,https://waldenvt.gov,,0,0,0,0,0,0,0,0,0,0,0,0,0,0,0,0,0,0
50005,VT,Caledonia County,Waterford,7,https://www.waterfordvt.org,,0,0,0,0,0,0,0,0,0,0,0,0,0,0,0,0,0,0
50005,VT,Caledonia County,Wheelock,7,https://townofwheelockvt.org,,0,0,0,0,0,0,0,0,0,0,0,0,0,0,0,0,0,0
50007,VT,Chittenden County,Bolton,3,https://boltonvt.com,,0,0,0,0,0,0,0,0,0,0,0,0,1,0,0,0,0,0
50007,VT,Chittenden County,Burlington,3,https://www.burlingtonvt.gov,,1,0,0,0,0,0,1,1,1,0,0,0,1,0,1,0,0,0
50007,VT,Chittenden County,Charlotte,3,https://www.charlottevt.org,,1,0,0,0,0,0,0,0,0,0,0,0,0,0,0,0,0,0
50007,VT,Chittenden County,Colchester,3,https://colchestervt.gov,,1,0,1,0,0,0,0,0,0,0,1,0,1,0,0,0,0,0
50007,VT,Chittenden County,Essex,3,https://www.essexvt.org,,1,0,0,0,0,0,0,0,0,0,1,0,0,0,0,0,0,0
50007,VT,Chittenden County,Essex Junction City,3,https://www.essexjunction.org,,1,0,0,0,0,0,0,0,0,0,1,0,0,0,0,0,0,0
50007,VT,Chittenden County,Hinesburg,3,https://www.hinesburg.org,,1,0,0,0,0,0,0,0,0,0,0,0,0,0,0,0,0,0
50007,VT,Chittenden County,Huntington,3,https://www.huntingtonvt.org,,0,0,0,0,0,0,0,0,0,0,0,0,0,0,0,0,0,0
50007,VT,Chittenden County,Jericho,3,https://jerichovt.org,,1,1,1,0,0,0,0,0,0,0,1,0,0,0,0,0,0,0
50007,VT,Chittenden County,Milton,3,https://www.miltonvt.gov,,1,1,1,0,0,0,0,1,0,0,1,0,0,0,0,0,0,0
50007,VT,Chittenden County,Richmond,3,https://www.richmondvt.gov,,1,0,0,0,0,0,0,0,0,0,0,0,0,0,0,0,0,0
50007,VT,Chittenden County,Saint George,3,https://stgeorgevt.com,,0,0,0,0,0,0,0,0,0,0,1,0,0,0,0,0,0,0
50007,VT,Chittenden County,Shelburne,3,https://www.shelburnevt.org,,0,0,1,0,0,0,0,1,1,0,0,0,1,0,0,0,0,0
50007,VT,Chittenden County,South Burlington,3,https://www.southburlingtonvt.gov,,1,0,1,0,0,0,0,1,1,0,1,0,1,0,0,0,0,0
50007,VT,Chittenden County,Underhill,3,https://www.underhillvt.gov,,0,0,0,0,0,0,0,0,0,0,0,0,0,0,0,0,0,0
50007,VT,Chittenden County,Westford,3,https://westfordvt.us,,0,0,0,0,0,0,0,0,0,0,1,0,0,1,0,0,0,0
50007,VT,Chittenden County,Williston,3,https://www.town.williston.vt.us,,1,1,0,0,0,0,0,0,1,0,0,0,0,0,0,0,0,0
50007,VT,Chittenden County,City of Winooski,3,https://www.winooskivt.gov,,1,1,0,0,0,0,0,1,0,0,0,0,1,1,0,0,0,0
50009,VT,Essex County,Bloomfield,9,,,0,0,0,0,0,0,0,0,0,0,0,0,0,0,0,0,0,0
50009,VT,Essex County,Brighton,9,https://brightonvt.org,,0,0,0,0,0,0,0,0,0,0,0,0,0,0,0,0,0,0
50009,VT,Essex County,Brunswick,9,,,0,0,0,0,0,0,0,0,0,0,0,0,0,0,0,0,0,0
50009,VT,Essex County,Canaan,9,http://canaan-vt.org,,1,0,0,0,0,0,,0,0,0,1,0,0,0,0,0,0,0
50009,VT,Essex County,Concord,9,https://www.concordvt.us,,1,0,0,0,0,0,0,1,0,0,0,0,0,0,0,0,0,0
50009,VT,Essex County,East Haven,9,,,0,0,0,0,0,0,0,0,0,0,0,0,0,0,0,0,0,0
50009,VT,Essex County,Granby,9,,,0,0,0,0,0,0,0,0,0,0,0,0,0,0,0,0,0,0
50009,VT,Essex County,Guildhall,9,https://www.guildhallvt.org,,1,0,0,0,0,0,0,0,0,0,0,0,0,0,0,0,0,0
50009,VT,Essex County,Lemington,9,,,0,0,0,0,0,0,0,0,0,0,0,0,0,0,0,0,0,0
50009,VT,Essex County,Lunenburg,9,https://www.lunenburg-gilmanvt.gov,,0,0,0,0,0,0,0,0,0,0,0,0,0,0,0,0,0,0
50009,VT,Essex County,Maidstone,9,https://www.maidstone-vt.org,,0,0,0,0,0,0,0,0,0,0,0,0,0,0,0,0,0,0
50009,VT,Essex County,Norton,9,,,0,0,0,0,0,0,0,0,0,0,0,0,0,0,0,0,0,0
50009,VT,Essex County,Victory,9,,,0,0,0,0,0,0,0,0,0,0,0,0,0,0,0,0,0,0
50011,VT,Franklin County,Bakersfield,3,https://townofbakersfield.org,,0,0,0,0,0,0,0,0,0,0,1,0,0,0,0,0,0,0
50011,VT,Franklin County,Berkshire,3,http://www.berkshirevt.com,,0,0,0,0,0,0,0,0,0,0,0,0,0,0,0,0,0,0
50011,VT,Franklin County,Enosburgh,3,https://www.enosburghvt.org,,0,0,0,0,0,0,0,0,0,0,0,0,0,0,0,0,0,0
50011,VT,Franklin County,Fairfax,3,https://www.fairfax-vt.gov,,1,0,0,0,0,0,0,0,0,0,1,0,0,0,0,0,0,0
50011,VT,Franklin County,Fairfield,3,https://fairfieldvermont.us,,1,0,0,0,0,0,0,0,0,0,0,0,0,0,0,0,0,0
50011,VT,Franklin County,Fletcher,3,https://fletchervt.net,,0,0,0,0,0,0,0,0,0,0,0,0,1,0,0,0,0,0
50011,VT,Franklin County,Franklin,3,https://www.franklinvermont.org,,0,0,0,0,0,0,0,0,0,0,0,0,0,0,0,0,0,0
50011,VT,Franklin County,Georgia,3,https://www.townofgeorgia.com,,0,0,0,0,0,0,0,0,0,0,0,0,0,0,0,0,0,0
50011,VT,Franklin County,Highgate,3,https://www.highgatevt.org,,0,0,0,0,0,0,0,0,0,0,0,0,0,0,0,0,0,0
50011,VT,Franklin County,Montgomery,3,https://montgomeryvt.us,,1,0,0,0,0,0,0,0,1,0,1,0,0,0,0,0,0,0
50011,VT,Franklin County,Richford,3,https://www.richfordvt.org,,0,0,0,0,0,0,0,0,0,0,0,0,0,0,0,0,0,0
50011,VT,Franklin County,Saint Albans City,3,https://www.stalbansvt.com,,1,0,0,0,0,0,0,0,1,0,1,0,1,0,0,0,0,0
50011,VT,Franklin County,Saint Albans Town,3,https://stalbanstown.com,,1,0,0,0,0,0,0,0,0,0,0,0,0,0,0,0,0,0
50011,VT,Franklin County,Sheldon,3,https://sheldonvt.com,,1,0,0,0,0,0,0,0,0,0,1,0,0,0,0,0,0,0
50011,VT,Franklin County,Swanton,3,https://www.swantonvt.gov,,0,0,0,0,0,0,0,0,0,0,0,0,0,0,0,0,0,0
50013,VT,Grand Isle County,Alburgh,3,https://alburghvt.org,,0,0,0,0,0,0,0,0,0,0,0,0,0,0,0,0,0,0
50013,VT,Grand Isle County,Grand Isle,3,https://grandislevt.org,,1,0,0,0,0,0,0,0,0,0,0,0,0,0,0,0,0,0
50013,VT,Grand Isle County,Isle La Motte,3,https://islelamotte.us,,1,0,0,0,0,0,0,0,0,0,1,0,0,0,0,0,0,0
50013,VT,Grand Isle County,North Hero,3,https://www.northherovt.com,,0,0,0,0,0,0,0,0,0,0,0,0,0,0,0,0,0,0
50013,VT,Grand Isle County,South Hero,3,https://southherovt.org,,0,0,0,0,0,0,0,0,0,0,0,0,0,0,0,0,0,0
50015,VT,Lamoille County,Belvidere,8,https://townofbelviderevt.com,,0,0,0,0,0,0,0,0,0,0,0,0,0,0,0,0,0,0
50015,VT,Lamoille County,Cambridge,8,https://www.cambridge.vermont.gov,,0,0,0,0,0,0,0,0,0,0,0,0,0,0,0,0,0,0
50015,VT,Lamoille County,Eden,8,https://www.edenvt.org,,1,0,0,0,0,0,0,0,0,0,0,0,1,0,0,0,0,0
50015,VT,Lamoille County,Elmore,8,https://elmorevt.org,,1,0,0,0,0,0,0,0,0,0,0,0,0,0,0,0,0,0
50015,VT,Lamoille County,Hyde park,8,https://hydeparkvt.com,,0,0,0,0,0,0,0,0,0,0,0,0,0,0,0,0,0,0
50015,VT,Lamoille County,Johnson,8,https://townofjohnson.com,,0,0,0,0,0,0,0,0,0,0,0,0,0,0,0,0,0,0
50015,VT,Lamoille County,Morristown,8,https://morristownvt.org,,1,0,0,1,1,0,0,0,0,0,0,0,0,1,1,0,1,0
50015,VT,Lamoille County,Stowe,8,https://www.townofstowevt.org,,1,0,0,0,0,0,0,0,0,0,1,0,0,0,0,0,0,0
50015,VT,Lamoille County,Waterville,8,http://www.watervillevt.org,,0,0,0,0,0,0,0,0,0,0,0,0,0,0,0,0,0,0
50015,VT,Lamoille County,Wolcott,8,https://wolcottvt.org,,0,0,0,0,0,0,0,0,0,0,1,0,0,0,0,0,0,0
50017,VT,Orange County,Bradford,9,https://bradford-vt.us,,1,0,0,0,0,0,0,0,0,0,0,0,0,0,0,0,0,0
50017,VT,Orange County,Braintree,9,https://braintreevt.gov,,0,0,0,0,0,0,0,0,0,0,0,0,0,0,0,0,0,0
50017,VT,Orange County,Brookfield,9,https://www.brookfieldvt.org,,1,0,0,0,0,0,0,0,0,0,0,0,0,0,0,0,0,0
50017,VT,Orange County,Chelsea,9,https://www.chelseavt.org,,0,0,0,0,0,0,0,0,0,0,0,0,0,0,0,0,0,0
50017,VT,Orange County,Corinth,9,https://corinthvt.org,,1,0,0,0,0,0,0,0,0,0,0,0,0,0,0,0,0,0
50017,VT,Orange County,Fairlee,9,https://fairleevt.gov,,0,0,1,0,0,0,0,0,0,0,0,0,0,0,0,0,0,0
50017,VT,Orange County,Newbury,9,https://www.newburyvt.org,,0,0,0,0,0,0,0,0,0,0,0,0,0,0,0,0,0,0
50017,VT,Orange County,Orange,9,https://orangevt.org,,0,0,0,0,0,0,0,0,0,0,0,0,0,0,0,0,0,0
50017,VT,Orange County,Randolph,9,https://randolphvt.org,,1,0,1,0,0,0,0,0,0,0,1,0,0,1,1,0,0,0
50017,VT,Orange County,Strafford,9,https://www.straffordvt.org,,0,0,0,0,0,0,0,0,0,0,0,0,0,0,0,0,0,0
50017,VT,Orange County,Thetford,9,https://www.thetfordvt.gov,,0,0,0,0,0,0,0,0,0,0,0,0,1,0,0,0,0,0
50017,VT,Orange County,Topsham,9,https://www.townoftopshamvt.org,,0,0,0,0,0,0,0,0,0,0,0,0,0,0,0,0,0,0
50017,VT,Orange County,Tunbridge,9,https://tunbridgevt.org,,0,0,0,0,0,0,0,0,0,0,0,0,0,0,0,0,0,0
50017,VT,Orange County,Vershire,9,https://vershirevt.org,,0,0,0,0,0,0,0,0,0,0,0,0,0,0,0,0,0,0
50017,VT,Orange County,Washington,9,https://washingtonvt.org,,0,0,0,0,0,0,0,0,0,0,0,0,0,0,0,0,0,0
50017,VT,Orange County,West fairlee,9,https://westfairleevt.gov,,0,0,0,0,0,0,0,0,0,0,0,0,0,0,1,0,0,0
50017,VT,Orange County,Williamstown,9,https://williamstownvt.org,,0,0,0,0,0,0,0,0,0,0,0,0,0,0,0,0,0,0
50019,VT,Orleans County,Albany,7,,,0,0,0,0,0,0,0,0,0,0,0,0,0,0,0,0,0,0
50019,VT,Orleans County,Barton,7,https://www.bartonvermont.com,,0,0,0,0,0,0,0,0,0,0,0,0,0,0,0,0,0,0
50019,VT,Orleans County,Brownington,7,https://www.browningtonvt.com,,0,0,0,0,0,0,0,0,0,0,0,0,0,0,0,0,0,0
50019,VT,Orleans County,Charleston,7,https://charlestonvt.org,,0,0,0,0,0,0,0,0,0,0,0,0,0,0,0,0,0,0
50019,VT,Orleans County,Coventry,7,https://coventryvt.org,,1,0,0,0,0,0,0,0,0,0,1,0,0,0,0,0,0,0
50019,VT,Orleans County,Craftsbury,7,https://www.townofcraftsbury.com,,0,0,0,0,0,0,0,0,1,0,1,0,1,0,0,0,0,0
50019,VT,Orleans County,Derby,7,https://derbyvt.org,,0,0,0,0,0,0,0,0,1,0,0,0,0,0,0,0,0,0
50019,VT,Orleans County,Glover,7,https://townofglover.com,,0,0,0,0,0,0,0,0,0,0,0,0,0,0,0,0,0,0
50019,VT,Orleans County,Greensboro,7,https://greensborovt.gov,,1,0,0,0,0,0,0,0,0,0,0,0,0,0,0,0,0,0
50019,VT,Orleans County,Holland,7,,,0,0,0,0,0,0,0,0,0,0,0,0,0,0,0,0,0,0
50019,VT,Orleans County,Irasburg,7,,,0,0,0,0,0,0,0,0,0,0,0,0,0,0,0,0,0,0
50019,VT,Orleans County,Jay,7,https://www.jayvt.com,,0,0,0,0,0,0,0,0,0,0,0,0,0,0,0,0,0,0
50019,VT,Orleans County,Lowell,7,http://www.townoflowell.org,,0,0,0,0,0,0,0,0,0,0,0,0,0,0,0,0,0,0
50019,VT,Orleans County,Morgan,7,https://townofmorgan.com,,0,0,0,0,0,0,0,0,0,0,1,0,0,0,0,0,0,0
50019,VT,Orleans County,Newport City,7,https://www.newportvermont.org,,0,0,0,0,0,0,0,0,0,0,0,0,0,0,0,0,0,0
50019,VT,Orleans County,Newport Town,7,https://townofnewport.org,,0,0,0,0,0,0,0,0,0,0,0,0,0,0,0,0,0,0
50019,VT,Orleans County,Troy,7,https://troyvt.org,,0,0,0,0,0,0,0,0,0,0,0,0,0,0,0,0,0,0
50019,VT,Orleans County,Westfield,7,https://westfield.vt.gov,,1,0,0,0,0,0,0,0,0,0,1,0,0,0,0,0,0,0
50019,VT,Orleans County,Westmore,7,https://www.westmoreonline.org,,0,0,0,0,0,0,0,0,0,0,0,0,0,0,0,0,0,0
50021,VT,Rutland County,Benson,4,https://www.bensonvermont.gov,,0,0,0,0,0,0,0,0,0,0,0,0,0,0,0,0,0,0
50021,VT,Rutland County,Brandon,4,https://www.townofbrandon.com,,1,0,1,0,0,0,0,0,0,0,1,0,0,0,1,0,0,0
50021,VT,Rutland County,Castleton,4,https://www.castletonvermont.org,,1,0,1,0,0,0,0,0,0,0,0,0,0,0,0,0,0,0
50021,VT,Rutland County,Chittenden,4,https://sites.google.com/townofchittenden.com/chittenden-vt/home,,0,0,0,0,0,0,0,0,0,0,0,0,0,0,0,0,0,0
50021,VT,Rutland County,Clarendon,4,https://www.clarendonvt.gov,,0,0,0,0,0,0,0,0,0,0,0,0,0,0,0,0,0,0
50021,VT,Rutland County,Danby,4,https://www.danbyvt.org,,1,0,0,0,0,0,0,0,0,0,0,0,0,0,0,0,0,0
50021,VT,Rutland County,Fair Haven,4,https://fairhavenvt.gov,,1,0,0,0,0,0,0,0,0,0,1,0,0,0,0,0,0,0
50021,VT,Rutland County,Hubbardton,4,,,0,0,0,0,0,0,0,0,0,0,0,0,0,0,0,0,0,0
50021,VT,Rutland County,Ira,4,https://townofira.com,,0,0,0,0,0,0,0,0,0,0,0,0,0,0,0,0,0,0
50021,VT,Rutland County,Killington,4,https://www.killingtontown.com,,1,0,0,0,0,0,0,0,0,0,0,0,0,0,0,0,0,0
50021,VT,Rutland County,Mendon,4,https://mendonvt.gov,,1,0,0,0,0,0,0,0,1,0,0,0,0,0,0,0,0,0
50021,VT,Rutland County,Middletown Springs,4,https://middletownsprings.vt.gov,,1,0,1,0,0,0,0,0,1,0,1,0,1,0,1,0,0,0
50021,VT,Rutland County,Mount Holly,4,https://www.mounthollyvt.org,,0,0,0,0,0,0,0,0,0,0,0,0,0,0,0,0,0,0
50021,VT,Rutland County,Mount Tabor,4,,,0,0,0,0,0,0,0,0,0,0,0,0,0,0,0,0,0,0
50021,VT,Rutland County,Pawlet,4,https://pawlet.vt.gov,,0,0,0,0,0,0,0,0,0,0,0,0,0,0,0,0,0,0
50021,VT,Rutland County,Pittsfield,4,http://www.pittsfieldvt.com,,0,0,1,0,0,0,0,0,0,0,0,0,0,0,1,0,0,0
50021,VT,Rutland County,Pittsford,4,https://www.pittsfordvermont.com,,0,0,0,0,0,0,0,0,0,0,0,0,0,0,0,0,0,0
50021,VT,Rutland County,Poultney,4,https://www.poultney.vt.gov,,0,0,0,0,0,0,0,0,0,0,0,0,1,0,0,0,0,0
50021,VT,Rutland County,Proctor,4,https://proctorvermont.com,,0,0,0,0,0,0,0,0,0,0,0,0,0,0,0,0,0,0
50021,VT,Rutland County,Rutland City,4,https://www.rutlandcity.org,,1,0,1,0,0,0,0,0,0,0,1,0,0,0,1,0,0,0
50021,VT,Rutland County,Rutland Town,4,https://www.rutlandtown.com,,1,0,0,0,0,0,0,0,0,0,0,0,0,0,0,0,0,0
50021,VT,Rutland County,Shrewsbury,4,https://www.shrewsburyvt.org,,1,0,0,0,0,0,0,0,0,0,1,0,0,0,0,0,0,0
50021,VT,Rutland County,Sudbury,4,,,0,0,0,0,0,0,0,0,0,0,0,0,0,0,0,0,0,0
50021,VT,Rutland County,Tinmouth,4,https://tinmouthvt.org,,0,0,0,0,0,0,0,0,0,0,0,0,0,0,0,0,0,0
50021,VT,Rutland County,Wallingford,4,https://www.wallingfordvt.com,,1,0,0,0,0,0,0,0,0,0,0,0,0,0,0,0,0,0
50021,VT,Rutland County,Wells,4,https://wellsvt.com,,1,0,0,0,0,0,0,0,0,0,1,0,0,0,0,0,0,0
50021,VT,Rutland County,West Haven,4,https://westhavenvt.org,,0,0,0,0,0,0,0,0,0,0,0,0,0,0,0,0,0,0
50021,VT,Rutland County,West Rutland,4,https://www.westrutlandvt.org,,0,0,0,0,0,0,0,0,0,0,0,0,0,0,0,0,0,0
50023,VT,Washington County,Barre City,4,https://www.barrecity.org,,0,1,1,0,0,0,0,0,0,0,0,0,0,0,0,0,0,0
50023,VT,Washington County,Barre Town,4,https://www.barretown.org,,1,1,1,0,0,0,0,0,1,0,1,0,1,0,0,0,0,0
50023,VT,Washington County,Berlin,4,https://www.berlinvt.gov,,1,0,0,0,0,0,0,0,0,0,0,0,0,0,0,0,0,0
50023,VT,Washington County,Cabot,4,https://cabotvt.us,,1,0,0,0,0,0,0,0,0,0,0,0,0,0,0,0,0,0
50023,VT,Washington County,Calais,4,https://www.calaisvermont.gov,,1,0,0,0,0,0,0,1,0,0,1,0,0,0,1,0,0,0
50023,VT,Washington County,Duxbury,4,https://www.duxburyvermont.org,,0,0,0,0,0,0,0,0,0,0,0,0,0,0,0,0,0,0
50023,VT,Washington County,East Montpelier,4,https://eastmontpeliervt.org,,1,0,0,0,0,0,0,0,0,0,1,0,0,0,0,0,0,0
50023,VT,Washington County,Fayston,4,https://faystonvt.com,,0,0,0,0,0,0,0,0,1,0,0,0,1,0,0,0,0,0
50023,VT,Washington County,Marshfield,4,https://marshfieldvt.gov,,0,0,0,0,0,0,0,0,0,0,0,0,1,0,0,0,0,0
50023,VT,Washington County,Middlesex,4,https://middlesexvermont.org,,0,0,0,0,0,0,0,0,0,0,0,0,0,0,0,0,0,0
50023,VT,Washington County,City of Montpelier,4,https://www.montpelier-vt.org,,0,1,0,0,0,0,0,1,0,0,0,0,0,0,0,0,0,0
50023,VT,Washington County,Northfield,4,https://www.northfield-vt.gov,,0,0,0,0,0,0,0,0,0,0,0,0,0,0,0,0,0,0
50023,VT,Washington County,Plainfield,4,https://www.plainfieldvt.gov,,1,0,0,0,0,0,0,0,0,0,0,0,0,0,0,0,0,0
50023,VT,Washington County,Roxbury,4,https://roxburyvt.org,,0,0,0,0,0,0,0,0,0,0,0,0,0,0,0,0,0,0
50023,VT,Washington County,Waitsfield,4,https://www.waitsfieldvt.us,,1,0,0,0,0,0,0,0,0,0,0,0,0,0,0,0,0,0
50023,VT,Washington County,Warren,4,https://www.warrenvt.org,,1,0,0,0,0,0,0,0,0,0,1,0,0,0,0,0,0,0
50023,VT,Washington County,Waterbury,4,https://www.waterburyvt.com,,1,0,1,0,0,0,0,0,0,0,1,0,1,0,0,0,0,0
50023,VT,Washington County,Woodbury,4,https://www.woodburyvt.org,,1,0,0,0,0,0,0,0,0,0,0,0,0,0,0,0,0,0
50023,VT,Washington County,Worcester,4,http://www.worcestervt.org,,0,0,0,0,0,0,0,0,0,0,0,0,0,0,0,0,0,0
50025,VT,Windham County,Athens,7,https://www.athensvt.com,,0,0,0,0,0,0,0,0,0,0,0,0,0,0,0,0,0,0
50025,VT,Windham County,Brattleboro,7,https://www.brattleboro.org,,1,0,0,0,0,0,0,0,0,0,0,0,0,0,0,0,0,0
50025,VT,Windham County,Brookline,7,https://www.brooklinevt.com,,1,0,0,0,0,0,0,0,1,0,1,0,0,0,0,0,0,0
50025,VT,Windham County,Dover,7,https://www.doververmont.com,,1,0,0,0,0,0,0,0,0,0,0,0,0,0,0,0,0,0
50025,VT,Windham County,Dummerston,7,https://dummerston.org,,1,0,0,0,0,0,0,0,0,0,0,0,0,0,0,0,0,0
50025,VT,Windham County,Grafton,7,https://graftonvt.org,,0,0,0,0,0,0,0,0,0,0,0,0,0,0,0,0,0,0
50025,VT,Windham County,Guilford,7,https://guilfordvt.gov,,1,1,1,0,0,0,0,1,0,0,0,0,1,0,1,0,1,0
50025,VT,Windham County,Halifax,7,https://halifaxvt.com,,1,0,0,0,0,0,0,0,0,0,0,0,0,0,0,0,0,0
50025,VT,Windham County,Jamaica,7,https://www.jamaicavermont.org,,0,0,0,0,0,0,0,0,0,0,1,0,1,0,0,0,0,0
50025,VT,Windham County,Londonderry,7,https://www.londonderryvt.org,,0,0,0,0,0,0,0,0,0,0,0,0,0,0,0,0,0,0
50025,VT,Windham County,Marlboro,7,https://marlborovt.us,,1,0,0,0,0,0,0,0,0,0,0,0,0,0,0,0,0,0
50025,VT,Windham County,Newfane,7,https://newfanevt.com,,1,0,0,0,0,0,0,0,0,0,1,0,0,0,0,0,0,0
50025,VT,Windham County,Putney,7,https://www.putneyvt.org,,1,1,1,0,0,0,0,0,0,0,1,0,0,0,0,0,0,0
50025,VT,Windham County,Rockingham,7,https://www.rockinghamvt.org,,0,0,0,0,0,0,0,0,0,0,0,0,1,0,0,0,0,0
50025,VT,Windham County,Stratton,7,https://www.townofstrattonvt.com,,1,0,0,0,0,0,0,0,1,0,1,0,0,0,0,0,0,0
50025,VT,Windham County,Townshend,7,,,0,0,0,0,0,0,0,0,0,0,0,0,0,0,0,0,0,0
50025,VT,Windham County,Vernon,7,https://vernonvt.org,,1,0,0,0,0,0,0,0,1,0,1,0,0,0,0,0,0,0
50025,VT,Windham County,Wardsboro,7,https://www.wardsborovt.gov,,0,0,0,0,0,0,0,0,0,0,0,0,0,0,0,0,0,0
50025,VT,Windham County,Westminster,7,https://www.westminstervt.org,,0,0,0,0,0,0,0,0,0,0,0,0,0,0,0,0,0,0
50025,VT,Windham County,Whitingham,7,https://whitinghamvt.org,,1,0,0,0,0,0,0,0,0,0,0,0,0,0,0,0,0,0
50025,VT,Windham County,Wilmington,7,https://wilmingtonvermont.us,,1,0,0,0,0,0,0,0,0,0,1,0,0,0,0,0,1,0
50025,VT,Windham County,Windham,7,https://townofwindhamvt.com,,0,0,0,0,0,0,0,0,0,0,0,0,0,0,0,0,0,0
50027,VT,Windsor County,Andover,7,https://www.andovervt.org,,0,0,0,0,0,0,0,0,0,0,0,0,0,0,0,0,0,0
50027,VT,Windsor County,Baltimore,7,https://www.baltimorevt.org,,0,0,0,0,0,0,0,0,0,0,0,0,0,0,0,0,0,0
50027,VT,Windsor County,Barnard,7,https://barnardvt.us,,0,0,0,0,0,0,0,0,0,0,0,0,1,0,0,0,0,0
50027,VT,Windsor County,Bethel,7,https://townofbethelvt.com,,0,0,0,0,0,0,0,0,0,0,0,0,0,0,0,0,0,0
50027,VT,Windsor County,Bridgewater,7,https://www.bridgewater.vt.gov,,0,0,0,0,0,0,0,0,0,0,0,0,0,0,0,0,0,0
50027,VT,Windsor County,Cavendish,7,https://www.cavendishvt.com,,0,0,0,0,0,0,0,0,0,0,0,0,1,0,0,0,0,0
50027,VT,Windsor County,Chester,7,https://www.chestervt.gov,,1,0,0,0,0,0,0,0,0,0,0,0,0,0,0,0,0,0
50027,VT,Windsor County,Hartford,7,https://www.hartford-vt.org,,1,0,0,0,0,0,0,0,0,0,0,0,1,0,0,0,0,0
50027,VT,Windsor County,Hartland,7,https://hartland.govoffice.com,,1,0,0,0,0,0,0,0,0,0,1,0,0,0,0,0,0,0
50027,VT,Windsor County,Ludlow,7,https://www.ludlow.vt.us,,1,0,0,0,0,0,0,0,0,0,1,0,0,0,0,0,0,0
50027,VT,Windsor County,Norwich,7,https://norwich.vt.us,,0,0,0,0,0,0,0,0,0,0,0,0,0,0,0,0,0,0
50027,VT,Windsor County,Plymouth,7,https://www.plymouthvt.org,,1,0,0,0,0,0,0,0,0,0,0,0,0,0,0,0,0,0
50027,VT,Windsor County,Pomfret,7,https://pomfretvt.us,,0,0,0,0,0,0,0,0,0,0,0,0,0,0,0,0,0,0
50027,VT,Windsor County,Reading,7,https://readingvt.govoffice.com,,1,0,0,0,0,0,0,0,0,0,0,0,0,0,0,0,0,0
50027,VT,Windsor County,Rochester,7,http://rochestervermont.org,,0,0,0,0,0,0,0,0,0,0,0,0,0,0,0,0,0,0
50027,VT,Windsor County,Royalton,7,https://royaltonvt.gov,,1,0,0,0,0,0,0,0,0,0,0,0,0,0,0,0,0,0
50027,VT,Windsor County,Sharon,7,https://sharonvt.net,,1,0,0,0,0,0,0,0,0,0,0,0,0,0,0,0,0,0
50027,VT,Windsor County,Springfield,7,https://springfieldvt.gov,,1,0,1,0,0,0,0,0,0,0,1,0,0,0,0,0,0,0
50027,VT,Windsor County,Stockbridge,7,https://stockbridgevt.gov,,1,0,0,0,0,0,0,0,0,0,0,0,0,0,0,0,0,0
50027,VT,Windsor County,Weatherfield,7,https://www.weathersfieldvt.org,,0,0,0,0,0,0,0,0,0,0,0,0,0,0,0,0,0,0
50027,VT,Windsor County,West Windsor,7,https://westwindsorvt.govoffice2.com,,0,0,0,0,0,0,0,0,1,0,0,0,0,0,0,0,0,0
50027,VT,Windsor County,Weston,7,https://www.westonvt.org,,0,0,0,0,0,0,0,0,0,0,0,0,0,0,0,0,0,0
50027,VT,Windsor County,Windsor,7,https://www.windsorvt.org,,0,0,0,0,0,0,0,0,0,0,0,0,0,0,0,0,0,0
50027,VT,Windsor County,Woodstock,7,https://townofwoodstock.org,,1,0,0,0,0,0,0,0,0,0,0,0,0,0,0,0,0,0
,,,,,,,,,,,,,,,,,,,,,,,,
,,,,,,,,,,,,,,,,,,,,,,,,
,,,,,,,,,,,,,,,,,,,,,,,,
,,,,,,,,,,,,,,,,,,,,,,,,
,,,,,,,,,,,,,,,,,,,,,,,,
,,,,,,,,,,,,,,,,,,,,,,,,
,,,,,,,,,,,,,,,,,,,,,,,,
,,,,,,,,,,,,,,,,,,,,,,,,
,,,,,,,,,,,,,,,,,,,,,,,,
,,,,,,,,,,,,,,,,,,,,,,,,
,,,,,,,,,,,,,,,,,,,,,,,,
,,,,,,,,,,,,,,,,,,,,,,,,
,,,,,,,,,,,,,,,,,,,,,,,,
,,,,,,,,,,,,,,,,,,,,,,,,
,,,,,,,,,,,,,,,,,,,,,,,,
,,,,,,,,,,,,,,,,,,,,,,,,
,,,,,,,,,,,,,,,,,,,,,,,,
,,,,,,,,,,,,,,,,,,,,,,,,
,,,,,,,,,,,,,,,,,,,,,,,,
,,,,,,,,,,,,,,,,,,,,,,,,
,,,,,,,,,,,,,,,,,,,,,,,,
,,,,,,,,,,,,,,,,,,,,,,,,
,,,,,,,,,,,,,,,,,,,,,,,,
,,,,,,,,,,,,,,,,,,,,,,,,
,,,,,,,,,,,,,,,,,,,,,,,,
,,,,,,,,,,,,,,,,,,,,,,,,
,,,,,,,,,,,,,,,,,,,,,,,,
,,,,,,,,,,,,,,,,,,,,,,,,
,,,,,,,,,,,,,,,,,,,,,,,,
,,,,,,,,,,,,,,,,,,,,,,,,
,,,,,,,,,,,,,,,,,,,,,,,,
,,,,,,,,,,,,,,,,,,,,,,,,
,,,,,,,,,,,,,,,,,,,,,,,,
,,,,,,,,,,,,,,,,,,,,,,,,
,,,,,,,,,,,,,,,,,,,,,,,,
,,,,,,,,,,,,,,,,,,,,,,,,
,,,,,,,,,,,,,,,,,,,,,,,,
,,,,,,,,,,,,,,,,,,,,,,,,
,,,,,,,,,,,,,,,,,,,,,,,,
,,,,,,,,,,,,,,,,,,,,,,,,
,,,,,,,,,,,,,,,,,,,,,,,,
,,,,,,,,,,,,,,,,,,,,,,,,
,,,,,,,,,,,,,,,,,,,,,,,,
,,,,,,,,,,,,,,,,,,,,,,,,
,,,,,,,,,,,,,,,,,,,,,,,,
,,,,,,,,,,,,,,,,,,,,,,,,
,,,,,,,,,,,,,,,,,,,,,,,,
,,,,,,,,,,,,,,,,,,,,,,,,
,,,,,,,,,,,,,,,,,,,,,,,,
,,,,,,,,,,,,,,,,,,,,,,,,
,,,,,,,,,,,,,,,,,,,,,,,,
,,,,,,,,,,,,,,,,,,,,,,,,
,,,,,,,,,,,,,,,,,,,,,,,,
,,,,,,,,,,,,,,,,,,,,,,,,
,,,,,,,,,,,,,,,,,,,,,,,,
,,,,,,,,,,,,,,,,,,,,,,,,
,,,,,,,,,,,,,,,,,,,,,,,,
,,,,,,,,,,,,,,,,,,,,,,,,
,,,,,,,,,,,,,,,,,,,,,,,,
,,,,,,,,,,,,,,,,,,,,,,,,
,,,,,,,,,,,,,,,,,,,,,,,,
,,,,,,,,,,,,,,,,,,,,,,,,
,,,,,,,,,,,,,,,,,,,,,,,,
,,,,,,,,,,,,,,,,,,,,,,,,
,,,,,,,,,,,,,,,,,,,,,,,,
,,,,,,,,,,,,,,,,,,,,,,,,
,,,,,,,,,,,,,,,,,,,,,,,,
,,,,,,,,,,,,,,,,,,,,,,,,
,,,,,,,,,,,,,,,,,,,,,,,,
,,,,,,,,,,,,,,,,,,,,,,,,
,,,,,,,,,,,,,,,,,,,,,,,,
,,,,,,,,,,,,,,,,,,,,,,,,
,,,,,,,,,,,,,,,,,,,,,,,,
,,,,,,,,,,,,,,,,,,,,,,,,
,,,,,,,,,,,,,,,,,,,,,,,,
,,,,,,,,,,,,,,,,,,,,,,,,
,,,,,,,,,,,,,,,,,,,,,,,,
,,,,,,,,,,,,,,,,,,,,,,,,
,,,,,,,,,,,,,,,,,,,,,,,,
,,,,,,,,,,,,,,,,,,,,,,,,
,,,,,,,,,,,,,,,,,,,,,,,,
,,,,,,,,,,,,,,,,,,,,,,,,
,,,,,,,,,,,,,,,,,,,,,,,,
,,,,,,,,,,,,,,,,,,,,,,,,
,,,,,,,,,,,,,,,,,,,,,,,,
,,,,,,,,,,,,,,,,,,,,,,,,
,,,,,,,,,,,,,,,,,,,,,,,,
,,,,,,,,,,,,,,,,,,,,,,,,
,,,,,,,,,,,,,,,,,,,,,,,,